timeStamp,elapsed,label,responseCode,responseMessage,threadName,dataType,success,failureMessage,bytes,sentBytes,grpThreads,allThreads,URL,Latency,IdleTime,Connect
1673452821174,2146,HTTP Request,200,OK,new_users 1-13,text,true,,64499,122,50,50,https://www.banglapuzzle.com/,1349,0,669
1673452821213,2604,HTTP Request,200,OK,new_users 1-14,text,true,,64499,122,49,49,https://www.banglapuzzle.com/,1802,0,658
1673452821015,2855,HTTP Request,200,OK,new_users 1-9,text,true,,64499,122,48,48,https://www.banglapuzzle.com/,2016,0,842
1673452820894,3022,HTTP Request,200,OK,new_users 1-6,text,true,,64499,122,47,47,https://www.banglapuzzle.com/,2204,0,955
1673452821096,2822,HTTP Request,200,OK,new_users 1-11,text,true,,64499,122,46,46,https://www.banglapuzzle.com/,2020,0,752
1673452820937,3095,HTTP Request,200,OK,new_users 1-7,text,true,,64499,122,45,45,https://www.banglapuzzle.com/,2236,0,907
1673452821055,3024,HTTP Request,200,OK,new_users 1-10,text,true,,64499,122,44,44,https://www.banglapuzzle.com/,1923,0,790
1673452821254,2901,HTTP Request,200,OK,new_users 1-15,text,true,,64499,122,43,43,https://www.banglapuzzle.com/,1774,0,621
1673452820805,3376,HTTP Request,200,OK,new_users 1-3,text,true,,64499,122,42,42,https://www.banglapuzzle.com/,2235,0,1038
1673452821135,3059,HTTP Request,200,OK,new_users 1-12,text,true,,64499,122,41,41,https://www.banglapuzzle.com/,1952,0,711
1673452820853,3416,HTTP Request,200,OK,new_users 1-5,text,true,,64499,122,40,40,https://www.banglapuzzle.com/,2320,0,995
1673452821490,2815,HTTP Request,200,OK,new_users 1-21,text,true,,64499,122,39,39,https://www.banglapuzzle.com/,1972,0,559
1673452821293,3200,HTTP Request,200,OK,new_users 1-16,text,true,,64499,122,38,38,https://www.banglapuzzle.com/,2012,0,580
1673452821470,3023,HTTP Request,200,OK,new_users 1-20,text,true,,64499,122,38,38,https://www.banglapuzzle.com/,1835,0,572
1673452821340,3199,HTTP Request,200,OK,new_users 1-17,text,true,,64499,122,36,36,https://www.banglapuzzle.com/,2290,0,562
1673452821889,2704,HTTP Request,200,OK,new_users 1-31,text,true,,64499,122,35,35,https://www.banglapuzzle.com/,1760,0,629
1673452822096,2523,HTTP Request,200,OK,new_users 1-36,text,true,,64499,122,34,34,https://www.banglapuzzle.com/,1624,0,579
1673452821857,2779,HTTP Request,200,OK,new_users 1-28,text,true,,64499,122,33,33,https://www.banglapuzzle.com/,1957,0,648
1673452821730,2907,HTTP Request,200,OK,new_users 1-27,text,true,,64499,122,32,32,https://www.banglapuzzle.com/,2084,0,566
1673452821574,3209,HTTP Request,200,OK,new_users 1-23,text,true,,64499,122,31,31,https://www.banglapuzzle.com/,2007,0,629
1673452822258,2599,HTTP Request,200,OK,new_users 1-40,text,true,,64499,122,30,30,https://www.banglapuzzle.com/,1642,0,613
1673452821545,3344,HTTP Request,200,OK,new_users 1-22,text,true,,64499,122,29,29,https://www.banglapuzzle.com/,2356,0,650
1673452822298,2592,HTTP Request,200,OK,new_users 1-41,text,true,,64499,122,29,29,https://www.banglapuzzle.com/,1621,0,592
1673452822340,2550,HTTP Request,200,OK,new_users 1-42,text,true,,64499,122,29,29,https://www.banglapuzzle.com/,1607,0,553
1673452821691,3202,HTTP Request,200,OK,new_users 1-26,text,true,,64499,122,26,26,https://www.banglapuzzle.com/,2575,0,576
1673452822017,2876,HTTP Request,200,OK,new_users 1-34,text,true,,64499,122,26,26,https://www.banglapuzzle.com/,1702,0,597
1673452822532,2366,HTTP Request,200,OK,new_users 1-47,text,true,,64499,122,24,24,https://www.banglapuzzle.com/,1497,0,549
1673452822654,2248,HTTP Request,200,OK,new_users 1-50,text,true,,64499,122,23,23,https://www.banglapuzzle.com/,1375,0,551
1673452822454,2448,HTTP Request,200,OK,new_users 1-45,text,true,,64499,122,23,23,https://www.banglapuzzle.com/,1575,0,568
1673452822621,2293,HTTP Request,200,OK,new_users 1-49,text,true,,64499,122,21,21,https://www.banglapuzzle.com/,1458,0,560
1673452821452,3737,HTTP Request,200,OK,new_users 1-18,text,true,,64499,122,20,20,https://www.banglapuzzle.com/,1914,0,586
1673452821861,3331,HTTP Request,200,OK,new_users 1-29,text,true,,64499,122,19,19,https://www.banglapuzzle.com/,1780,0,644
1673452822135,3059,HTTP Request,200,OK,new_users 1-37,text,true,,64499,122,18,18,https://www.banglapuzzle.com/,1560,0,576
1673452820805,4391,HTTP Request,200,OK,new_users 1-1,text,true,,64499,122,17,17,https://www.banglapuzzle.com/,2845,0,1222
1673452822495,2704,HTTP Request,200,OK,new_users 1-46,text,true,,64499,122,16,16,https://www.banglapuzzle.com/,1803,0,554
1673452821931,3564,HTTP Request,200,OK,new_users 1-32,text,true,,64499,122,15,15,https://www.banglapuzzle.com/,2661,0,583
1673452820977,4519,HTTP Request,200,OK,new_users 1-8,text,true,,64499,122,15,15,https://www.banglapuzzle.com/,3642,0,870
1673452821860,3636,HTTP Request,200,OK,new_users 1-30,text,true,,64499,122,15,15,https://www.banglapuzzle.com/,1958,0,649
1673452820805,4692,HTTP Request,200,OK,new_users 1-2,text,true,,64499,122,14,14,https://www.banglapuzzle.com/,3826,0,1042
1673452822056,3443,HTTP Request,200,OK,new_users 1-35,text,true,,64499,122,11,11,https://www.banglapuzzle.com/,1892,0,558
1673452820815,4684,HTTP Request,200,OK,new_users 1-4,text,true,,64499,122,11,11,https://www.banglapuzzle.com/,3816,0,1034
1673452821969,3539,HTTP Request,200,OK,new_users 1-33,text,true,,64499,122,9,9,https://www.banglapuzzle.com/,2123,0,629
1673452821652,4056,HTTP Request,200,OK,new_users 1-25,text,true,,64499,122,8,8,https://www.banglapuzzle.com/,1996,0,568
1673452822574,3190,HTTP Request,200,OK,new_users 1-48,text,true,,64499,122,7,7,https://www.banglapuzzle.com/,2290,0,1585
1673452821613,4152,HTTP Request,200,OK,new_users 1-24,text,true,,64499,122,7,7,https://www.banglapuzzle.com/,2289,0,597
1673452822226,3560,HTTP Request,200,OK,new_users 1-39,text,true,,64499,122,5,5,https://www.banglapuzzle.com/,2559,0,592
1673452822414,3680,HTTP Request,200,OK,new_users 1-44,text,true,,64499,122,4,4,https://www.banglapuzzle.com/,2505,0,541
1673452822374,3720,HTTP Request,200,OK,new_users 1-43,text,true,,64499,122,4,4,https://www.banglapuzzle.com/,2539,0,1557
1673452822222,4377,HTTP Request,200,OK,new_users 1-38,text,true,,64499,122,2,2,https://www.banglapuzzle.com/,1933,0,582
1673452821458,5238,HTTP Request,200,OK,new_users 1-19,text,true,,64499,122,1,1,https://www.banglapuzzle.com/,3741,0,2623
